[
    {
        "id":1,
        "community":"河北社区",
        "xiaoqu":"幸福小区",
        "building":"一栋",
        "unit":"一单元",
        "number":"1-1",
        "houseType":"自有房屋",
        "type":3,
        "isUse":"是",
        "floatPerson":"否",
        "point":"无分类",
        "hostName":"老李",
        "hostNumber":122251
    },
    {
        "id":2,
        "community":"河北社区",
        "xiaoqu":"幸福小区",
        "building":"一栋",
        "unit":"一单元",
        "number":"1-1",
        "houseType":"自有房屋",
        "type":3,
        "isUse":"是",
        "floatPerson":"否",
        "point":"无分类",
        "hostName":"老李",
        "hostNumber":122251
    },
    {
        "id":3,
        "community":"河北社区",
        "xiaoqu":"幸福小区",
        "building":"一栋",
        "unit":"一单元",
        "number":"1-1",
        "houseType":"自有房屋",
        "type":3,
        "isUse":"是",
        "floatPerson":"否",
        "point":"无分类",
        "hostName":"老李",
        "hostNumber":122251
    }
]