[
    {
        "ID":"2007130821213248483434",
        "qs":"国有",
        "status":1,
        "createTime":1631341981855,
        "djql":[1,2],
        "dwgr":"个人",
        "frdb":"小哥",
        "txdz":"四川省绵阳市····",
        "sfzh":"510703199505052816",
        "ldsyqqlr":"011",
        "ldsyqqlr2":"011",
        "slhlmsyqqlr":"012",
        "slhlmsyqqlr2":"012",
        "zl":"超能",
        "xdm":"xdm",
        "lb":"lb",
        "xb":"xb",
        "mj":"2000平方米",
        "lz":1,
        "zlnd":1631341981855,
        "zs":123,
        "zysz":2,
        "qtsz":"qtsz",
        "ldsyq":1631341981855,
        "zzrq":1631341981855,
        "dz":"1222",
        "xz":"011",
        "bz":"011",
        "nz":"011",
        "szgc":1,
        "qy":1,
        "gczl":1,
        "gyl":1,
        "dl":1,
        "zyqlyj":"同意",
        "lqgyqlrsm":"同意",
        "xzfyj":"同意",
        "jtldsyqqlryj":"同意",
        "lyzgbmyj":"同意",
        "fzjgyj":"同意"
    },
    {
        "ID":"2007130821213248483435",
        "qs":"国有",
        "status":0,
        "createTime":1631341981855,
        "djql":[1,2],
        "dwgr":"个人",
        "frdb":"小哥",
        "txdz":"四川省绵阳市····",
        "sfzh":"510703199505052816",
        "ldsyqqlr":"011",
        "ldsyqqlr2":"011",
        "slhlmsyqqlr":"012",
        "slhlmsyqqlr2":"012",
        "zl":"超能",
        "xdm":"xdm",
        "lb":"lb",
        "xb":"xb",
        "mj":"2000平方米",
        "lz":1,
        "zlnd":1631341981855,
        "zs":123,
        "zysz":2,
        "qtsz":"qtsz",
        "ldsyq":1631341981855,
        "zzrq":1631341981855,
        "dz":"1222",
        "xz":"011",
        "bz":"011",
        "nz":"011",
        "szgc":1,
        "qy":1,
        "gczl":1,
        "gyl":1,
        "dl":1,
        "zyqlyj":"同意",
        "lqgyqlrsm":"同意",
        "xzfyj":"同意",
        "jtldsyqqlryj":"同意",
        "lyzgbmyj":"同意",
        "fzjgyj":"同意"
    },
    {
        "ID":"2007130821213248483436",
        "qs":"国有",
        "status":1,
        "createTime":1631341981855,
        "djql":[1,2],
        "dwgr":"个人",
        "frdb":"小哥",
        "txdz":"四川省绵阳市····",
        "sfzh":"510703199505052816",
        "ldsyqqlr":"011",
        "ldsyqqlr2":"011",
        "slhlmsyqqlr":"012",
        "slhlmsyqqlr2":"012",
        "zl":"超能",
        "xdm":"xdm",
        "lb":"lb",
        "xb":"xb",
        "mj":"2000平方米",
        "lz":1,
        "zlnd":1631341981855,
        "zs":123,
        "zysz":2,
        "qtsz":"qtsz",
        "ldsyq":1631341981855,
        "zzrq":1631341981855,
        "dz":"1222",
        "xz":"011",
        "bz":"011",
        "nz":"011",
        "szgc":1,
        "qy":1,
        "gczl":1,
        "gyl":1,
        "dl":1,
        "zyqlyj":"同意",
        "lqgyqlrsm":"同意",
        "xzfyj":"同意",
        "jtldsyqqlryj":"同意",
        "lyzgbmyj":"同意",
        "fzjgyj":"同意"
    },
    {
        "ID":"2007130821213248483437",
        "qs":"国有",
        "status":1,
        "createTime":1631341981855,
        "djql":[1,2],
        "dwgr":"个人",
        "frdb":"小哥",
        "txdz":"四川省绵阳市····",
        "sfzh":"510703199505052816",
        "ldsyqqlr":"011",
        "ldsyqqlr2":"011",
        "slhlmsyqqlr":"012",
        "slhlmsyqqlr2":"012",
        "zl":"超能",
        "xdm":"xdm",
        "lb":"lb",
        "xb":"xb",
        "mj":"2000平方米",
        "lz":1,
        "zlnd":1631341981855,
        "zs":123,
        "zysz":2,
        "qtsz":"qtsz",
        "ldsyq":1631341981855,
        "zzrq":1631341981855,
        "dz":"1222",
        "xz":"011",
        "bz":"011",
        "nz":"011",
        "szgc":1,
        "qy":1,
        "gczl":1,
        "gyl":1,
        "dl":1,
        "zyqlyj":"同意",
        "lqgyqlrsm":"同意",
        "xzfyj":"同意",
        "jtldsyqqlryj":"同意",
        "lyzgbmyj":"同意",
        "fzjgyj":"同意"
    }
    
]