[
    {
        "id":1,
        "community":"河北社区",
        "xiaoqu":"幸福小区",
        "building":"一栋",
        "unit":"一单元",
        "number":"1-1",
        "name":"老李",
        "sex":"男",
        "isHost":"是",
        "relation":"父子",
        "phone":15191852214,
        "work":"九洲集团",
        "isReligious":"否",
        "isLow":"否",
        "idCard":"150732135465465421",
        "born":"2020-02-01",
        "mz":"汉",
        "isFloat":"否",
        "jyqk":"白领",
        "whcd":"本科",
        "health":"健康",
        "jycs":"结婚",
        "avatar":"",
        "hj":"四川省绵阳市···",
        "zzmm":"团员",
        "hyzk":"未婚",
        "cjlb":"无",
        "desc":"我想做个好人"
    },
    {
        "id":2,
        "community":"河北社区",
        "xiaoqu":"幸福小区",
        "building":"一栋",
        "unit":"一单元",
        "number":"1-1",
        "name":"老李",
        "sex":"男",
        "isHost":"是",
        "relation":"父子",
        "phone":15191852214,
        "work":"九洲集团",
        "isReligious":"否",
        "isLow":"否",
        "idCard":"150732135465465421",
        "born":"2020-02-01",
        "mz":"汉",
        "isFloat":"否",
        "jyqk":"白领",
        "whcd":"本科",
        "health":"健康",
        "jycs":"结婚",
        "avatar":"",
        "hj":"四川省绵阳市···",
        "zzmm":"团员",
        "hyzk":"未婚",
        "cjlb":"无",
        "desc":"我想做个好人"
    }
    
]