[
    {   
        "id":1,
        "title":"咨询名称",
        "person":"咨询人",
        "time":"2020-02-01",
        "accept":"被子寻人",
        "status":"已回复"
    },
    {   
        "id":2,
        "title":"咨询名称",
        "person":"咨询人",
        "time":"2020-02-01",
        "accept":"被子寻人",
        "status":"已回复"
    },
    {   
        "id":3,
        "title":"咨询名称",
        "person":"咨询人",
        "time":"2020-02-01",
        "accept":"被子寻人",
        "status":"已回复"
    }
]