[
    {
        "id":1,
        "commnuity":"河北村社区",
        "number":"1-2-2号",
        "place":"1-2-2号",
        "name":"熙园普茶",
        "license":"12313546876879798789",
        "legalPerson":"张哥",
        "legalPersonJob":"打工的",
        "legalPersonPhone":"15156443246",
        "legalPersonForm":"河北省那都通市",
        "type":1,
        "industry":1,
        "area":"22",
        "desc":"打工的"
    },
    {
        "id":2,
        "commnuity":"河北村社区",
        "number":"1-2-2号",
        "place":"1-2-2号",
        "name":"熙园普茶",
        "license":"12313546876879798789",
        "legalPerson":"张哥",
        "legalPersonJob":"打工的",
        "legalPersonPhone":"15156443246",
        "legalPersonForm":"河北省那都通市",
        "type":1,
        "industry":1,
        "area":"22",
        "desc":"打工的"
    },
    {
        "id":3,
        "commnuity":"河北村社区",
        "number":"1-2-2号",
        "place":"1-2-2号",
        "name":"熙园普茶",
        "license":"12313546876879798789",
        "legalPerson":"张哥",
        "legalPersonJob":"打工的",
        "legalPersonPhone":"15156443246",
        "legalPersonForm":"河北省那都通市",
        "type":1,
        "industry":1,
        "area":"22",
        "desc":"打工的"
    }
]