[
    {
        "ID":1,
        "house":"林业局",
        "picId":"1",
        "dangerType":"林火",
        "year":2020,
        "month":10,
        "MonitorArea":200,
        "DisasterArea":200,
        "light":10,
        "middle":20,
        "height":30,
        "location":1231112212,
        "prospect":"",
        "close":""
    },
    {
        "ID":2,
        "house":"林业局",
        "picId":"1",
        "dangerType":"林火",
        "year":2020,
        "month":10,
        "MonitorArea":200,
        "DisasterArea":200,
        "light":10,
        "middle":20,
        "height":30,
        "location":1231112212,
        "prospect":"",
        "close":""
    },
    {
        "ID":3,
        "house":"林业局",
        "picId":"1",
        "dangerType":"林火",
        "year":2020,
        "month":10,
        "MonitorArea":200,
        "DisasterArea":200,
        "light":10,
        "middle":20,
        "height":30,
        "location":1231112212,
        "prospect":"",
        "close":""
    },
    {
        "ID":4,
        "house":"林业局",
        "picId":"1",
        "dangerType":"林火",
        "year":2020,
        "month":10,
        "MonitorArea":200,
        "DisasterArea":200,
        "light":10,
        "middle":20,
        "height":30,
        "location":1231112212,
        "prospect":"",
        "close":""
    },
    {
        "ID":5,
        "house":"林业局",
        "picId":"1",
        "dangerType":"林火",
        "year":2020,
        "month":10,
        "MonitorArea":200,
        "DisasterArea":200,
        "light":10,
        "middle":20,
        "height":30,
        "location":1231112212,
        "prospect":"",
        "close":""
    },
    {
        "ID":6,
        "house":"林业局",
        "picId":"1",
        "dangerType":"林火",
        "year":2020,
        "month":10,
        "MonitorArea":200,
        "DisasterArea":200,
        "light":10,
        "middle":20,
        "height":30,
        "location":1231112212,
        "prospect":"",
        "close":""
    },
    {
        "ID":7,
        "house":"林业局",
        "picId":"1",
        "dangerType":"林火",
        "year":2020,
        "month":10,
        "MonitorArea":200,
        "DisasterArea":200,
        "light":10,
        "middle":20,
        "height":30,
        "location":1231112212,
        "prospect":"",
        "close":""
    }
]