[
    {
        "id":0,
        "name":"所有社区",
        "type":1,
        "children":[
            {
                "id":1,
                "type":1,
                "name":"河南村社区",
                "children":[
                    {
                        "id":2,
                        "type":2,
                        "name":"小区1",
                        "children":[
                            {
                                "id":9,
                                "type":3,
                                "name":"一栋"
                            },
                            {
                                "id":10,
                                "type":3,
                                "name":"二栋"
                            },
                            {
                                "id":11,
                                "type":3,
                                "name":"三栋"
                            }
                        ]
                    },
                    {
                        "id":3,
                        "type":2,
                        "name":"小区2",
                        "children":[
                            {
                                "id":12,
                                "type":3,
                                "name":"一栋"
                            },
                            {
                                "id":13,
                                "type":3,
                                "name":"二栋"
                            },
                            {
                                "id":14,
                                "type":3,
                                "name":"三栋"
                            }
                        ]
                    },
                    {
                        "id":4,
                        "type":2,
                        "name":"小区3",
                        "children":[
                            {
                                "id":15,
                                "type":3,
                                "name":"一栋"
                            },
                            {
                                "id":16,
                                "type":3,
                                "name":"二栋"
                            },
                            {
                                "id":17,
                                "type":3,
                                "name":"三栋"
                            }
                        ]
                    }
                ]
            },
            {
                "id":5,
                "name":"河北村社区",
                "children":[
                    {
                        "id":6,
                        
                        "type":2,
                        "name":"小区1",
                        "children":[
                            {
                                "id":18,
                                "type":3,
                                "name":"一栋"
                            },
                            {
                                "id":19,
                                "type":3,
                                "name":"二栋"
                            },
                            {
                                "id":20,
                                "type":3,
                                "name":"三栋"
                            }
                        ]
                    },
                    {
                        "id":7,
                        
                        "type":2,
                        "name":"小区2",
                        "children":[
                            {
                                "id":21,
                                "type":3,
                                "name":"一栋"
                            },
                            {
                                "id":22,
                                "type":3,
                                "name":"二栋"
                            },
                            {
                                "id":23,
                                "type":3,
                                "name":"三栋"
                            }
                        ]
                    },
                    {
                        "id":8,
                        "type":2,
                        "name":"小区3",
                        "children":[
                            {
                                "id":24,
                                "type":3,
                                "name":"一栋"
                            },
                            {
                                "id":25,
                                "type":3,
                                "name":"二栋"
                            },
                            {
                                "id":26,
                                "type":3,
                                "name":"三栋"
                            }
                        ]
                    }
                ]
            }
        ]
    }
    
]