[
    {"ID":2021001,"CNzhongName":"水蕨","CNkeName":"水蕨科","CNshuName":"水蕨属","ENzhongName":"C.thalicrodes","ENkeName":"Pbournei","ENshuName":" Taxacease","dangerType":"易危","protectType":"一级","area":"珲春局","point":"金钱松又名金松、水树，被定为国家二级保护植物","place":"金钱松又名金松、水树，被定为国家二级保护植物","associated":"水蕨","price":"应用价值","protect":"保护区","huoben":"","biaoben":""},
    {"ID":2021002,"CNzhongName":"苏铁","CNkeName":"苏铁科","CNshuName":"苏铁属","ENzhongName":"C.rerwuaThunb","ENkeName":"C.caonpheva","ENshuName":"Tecee","dangerType":"近危","protectType":"二级","area":"珲春局","point":"金钱松又名金松、水树，被定为国家二级保护植物","place":"金钱松又名金松、水树，被定为国家二级保护植物","associated":"苏铁","price":"观赏价值","protect":"保护区","huoben":"","biaoben":""},
    {"ID":2021003,"CNzhongName":"根杏","CNkeName":"银杏科","CNshuName":"银杏属","ENzhongName":"G.bloba","ENkeName":"Piraceae","ENshuName":"Zsinica","dangerType":"易危","protectType":"三级","area":"天桥岭局","point":"金钱松又名金松、水树，被定为国家二级保护植物","place":"金钱松又名金松、水树，被定为国家二级保护植物","associated":"根杏","price":"学术价值","protect":"保护区","huoben":"","biaoben":""},
    {"ID":2021004,"CNzhongName":"华东黄杉","CNkeName":"松科","CNshuName":"黄山属","ENzhongName":"G.bloba","ENkeName":"C.caonpheva","ENshuName":"M.mkroetauha","dangerType":"濒危","protectType":"四级","area":"汪清局","point":"金钱松又名金松、水树，被定为国家二级保护植物","place":"金钱松又名金松、水树，被定为国家二级保护植物","associated":"华东黄杉","price":"文化价值","protect":"保护区","huoben":"","biaoben":""},
    {"ID":2021005,"CNzhongName":"南方铁杉","CNkeName":"松科","CNshuName":"铁杉属","ENzhongName":"Tuhekiangensi","ENkeName":"Cupreseae","ENshuName":"G.Penil","dangerType":"易危","protectType":"一级","area":"大兴沟局","point":"金钱松又名金松、水树，被定为国家二级保护植物","place":"金钱松又名金松、水树，被定为国家二级保护植物","associated":"南方铁杉","price":"育种价值","protect":"保护区","huoben":"","biaoben":""},
    {"ID":2021006,"CNzhongName":"金钱松 ","CNkeName":"松科","CNshuName":"金钱松属","ENzhongName":"Pkazmp/eri","ENkeName":"Taxodiaceae","ENshuName":"M.gptoatroboides","dangerType":"易危","protectType":"二级","area":"绥阳局","point":"金钱松又名金松、水树，被定为国家二级保护植物","place":"金钱松又名金松、水树，被定为国家二级保护植物","associated":"金钱松 ","price":"药用价值","protect":"保护区","huoben":"","biaoben":""},
    {"ID":2021007,"CNzhongName":"水松","CNkeName":"杉科","CNshuName":"水松属","ENzhongName":"G.Penil","ENkeName":" Taxacease","ENshuName":"THlowiana","dangerType":"濒危","protectType":"三级","area":"穆棱局","point":"金钱松又名金松、水树，被定为国家二级保护植物","place":"金钱松又名金松、水树，被定为国家二级保护植物","associated":"水松","price":"观赏价值","protect":"保护区","huoben":"","biaoben":""},
    {"ID":2021008,"CNzhongName":"水杉","CNkeName":"杉科","CNshuName":"水杉属","ENzhongName":"M.gptoatroboides","ENkeName":"Tecee","ENshuName":"Fhsdginvi","dangerType":"近危","protectType":"四级","area":"珲春局","point":"金钱松又名金松、水树，被定为国家二级保护植物","place":"金钱松又名金松、水树，被定为国家二级保护植物","associated":"水杉","price":"生态价值","protect":"保护区","huoben":"","biaoben":""},
    {"ID":2021009,"CNzhongName":"台湾杉","CNkeName":"杉科","CNshuName":"台湾杉属","ENzhongName":"THlowiana","ENkeName":"Zsinica","ENshuName":"Pahkerimceae","dangerType":"易危","protectType":"一级","area":"汪清局","point":"金钱松又名金松、水树，被定为国家二级保护植物","place":"金钱松又名金松、水树，被定为国家二级保护植物","associated":"台湾杉","price":"药用价值","protect":"保护区","huoben":"","biaoben":""},
    {"ID":2021010,"CNzhongName":"福建柏","CNkeName":"柏科","CNshuName":"福建柏属","ENzhongName":"Fhsdginvi","ENkeName":"M.mkroetauha","ENshuName":"Cyadscene","dangerType":"近危","protectType":"二级","area":"珲春局","point":"金钱松又名金松、水树，被定为国家二级保护植物","place":"金钱松又名金松、水树，被定为国家二级保护植物","associated":"福建柏","price":"文化价值","protect":"保护区","huoben":"","biaoben":""},
    {"ID":2021011,"CNzhongName":"南方红豆杉","CNkeName":"红豆杉科","CNshuName":"红豆杉属","ENzhongName":"Pahkerimceae","ENkeName":"G.Penil","ENshuName":"Ginkgoaceae","dangerType":"濒危","protectType":"三级","area":"大兴沟局","point":"金钱松又名金松、水树，被定为国家二级保护植物","place":"金钱松又名金松、水树，被定为国家二级保护植物","associated":"南方红豆杉","price":"育种价值","protect":"保护区","huoben":"","biaoben":""},
    {"ID":2021012,"CNzhongName":"白豆杉","CNkeName":"红豆杉科","CNshuName":"白豆杉属","ENzhongName":"Cyadscene","ENkeName":"M.gptoatroboides","ENshuName":"Taxodiacec","dangerType":"濒危","protectType":"四级","area":"汪清局","point":"金钱松又名金松、水树，被定为国家二级保护植物","place":"金钱松又名金松、水树，被定为国家二级保护植物","associated":"白豆杉","price":"药用价值","protect":"保护区","huoben":"","biaoben":""},
    {"ID":2021013,"CNzhongName":"穗花杉","CNkeName":"红豆杉科","CNshuName":"穗花属","ENzhongName":"Ginkgoaceae","ENkeName":"THlowiana","ENshuName":"G.bloba","dangerType":"近危","protectType":"四级","area":"大兴沟局","point":"金钱松又名金松、水树，被定为国家二级保护植物","place":"金钱松又名金松、水树，被定为国家二级保护植物","associated":"穗花杉","price":"育种价值","protect":"保护区","huoben":"","biaoben":""},
    {"ID":2021014,"CNzhongName":"榧树","CNkeName":"红豆杉科","CNshuName":"榧属","ENzhongName":"Taxodiacec","ENkeName":"Fhsdginvi","ENshuName":"Tuhekiangensi","dangerType":"易危","protectType":"一级","area":"珲春局","point":"金钱松又名金松、水树，被定为国家二级保护植物","place":"金钱松又名金松、水树，被定为国家二级保护植物","associated":"榧树","price":"观赏价值","protect":"保护区","huoben":"","biaoben":""},
    {"ID":2021015,"CNzhongName":"杜仲","CNkeName":"杜仲科","CNshuName":"杜仲属","ENzhongName":"Ptariowi","ENkeName":"Pahkerimceae","ENshuName":"Pkazmp/eri","dangerType":"易危","protectType":"二级","area":"大兴沟局","point":"金钱松又名金松、水树，被定为国家二级保护植物","place":"金钱松又名金松、水树，被定为国家二级保护植物","associated":"杜仲","price":"育种价值","protect":"保护区","huoben":"","biaoben":""},
    {"ID":2021016,"CNzhongName":"榉树","CNkeName":"榆科","CNshuName":"榉属","ENzhongName":"Zserata","ENkeName":"Cyadscene","ENshuName":"G.Penil","dangerType":"濒危","protectType":"三级","area":"汪清局","point":"金钱松又名金松、水树，被定为国家二级保护植物","place":"金钱松又名金松、水树，被定为国家二级保护植物","associated":"榉树","price":"药用价值","protect":"保护区","huoben":"","biaoben":""},
    {"ID":2021017,"CNzhongName":"青檀","CNkeName":"榆科","CNshuName":"青檀属","ENzhongName":"Fdibors","ENkeName":"Ginkgoaceae","ENshuName":"M.gptoatroboides","dangerType":"易危","protectType":"一级","area":"大兴沟局","point":"金钱松又名金松、水树，被定为国家二级保护植物","place":"金钱松又名金松、水树，被定为国家二级保护植物","associated":"青檀","price":"观赏价值","protect":"保护区","huoben":"","biaoben":""},
    {"ID":2021018,"CNzhongName":"野荞麦","CNkeName":"蓼科","CNshuName":"荞麦属","ENzhongName":"Pchekiggrnsi","ENkeName":"Taxodiacec","ENshuName":"Cupreseae","dangerType":"濒危","protectType":"二级","area":"珲春局","point":"金钱松又名金松、水树，被定为国家二级保护植物","place":"金钱松又名金松、水树，被定为国家二级保护植物","associated":"野荞麦","price":"文化价值","protect":"保护区","huoben":"","biaoben":""},
    {"ID":2021019,"CNzhongName":"鹅掌楸","CNkeName":"木兰科","CNshuName":"鹅掌楸属","ENzhongName":"Pbournei","ENkeName":"Ptariowi","ENshuName":"Taxodiaceae","dangerType":"近危","protectType":"三级","area":"汪清局","point":"金钱松又名金松、水树，被定为国家二级保护植物","place":"金钱松又名金松、水树，被定为国家二级保护植物","associated":"鹅掌楸","price":"观赏价值","protect":"保护区","huoben":"","biaoben":""},
    {"ID":2021020,"CNzhongName":"凹叶厚朴","CNkeName":"木兰科","CNshuName":"木兰属","ENzhongName":"C.caonpheva","ENkeName":"Zserata","ENshuName":" Taxacease","dangerType":"易危","protectType":"四级","area":"汪清局","point":"金钱松又名金松、水树，被定为国家二级保护植物","place":"金钱松又名金松、水树，被定为国家二级保护植物","associated":"凹叶厚朴","price":"药用价值","protect":"保护区","huoben":"","biaoben":""},
    {"ID":2021021,"CNzhongName":"天女花","CNkeName":"木兰科","CNshuName":"木兰属","ENzhongName":"Piraceae","ENkeName":"Fdibors","ENshuName":"Metapequoia","dangerType":"近危","protectType":"一级","area":"天桥岭局","point":"金钱松又名金松、水树，被定为国家二级保护植物","place":"金钱松又名金松、水树，被定为国家二级保护植物","associated":"天女花","price":"观赏价值","protect":"保护区","huoben":"","biaoben":""},
    {"ID":2021022,"CNzhongName":"黄山木兰","CNkeName":"木兰科","CNshuName":"木兰属","ENzhongName":"C.caonpheva","ENkeName":"M.mkroetauha","ENshuName":" Taiconia","dangerType":"易危","protectType":"二级","area":"大兴沟局","point":"金钱松又名金松、水树，被定为国家二级保护植物","place":"金钱松又名金松、水树，被定为国家二级保护植物","associated":"黄山木兰","price":"药用价值","protect":"保护区","huoben":"","biaoben":""},
    {"ID":2021023,"CNzhongName":"天目木兰","CNkeName":"木兰科","CNshuName":"木兰属","ENzhongName":"Cupreseae","ENkeName":" Metapequoia","ENshuName":"Pchekiggrnsi","dangerType":"濒危","protectType":"三级","area":"珲春局","point":"金钱松又名金松、水树，被定为国家二级保护植物","place":"金钱松又名金松、水树，被定为国家二级保护植物","associated":"天目木兰","price":"应用价值","protect":"保护区","huoben":"","biaoben":""},
    {"ID":2021024,"CNzhongName":"乐东拟单性木兰","CNkeName":"木兰科","CNshuName":"木兰属","ENzhongName":"Taxodiaceae","ENkeName":"Glsptontrbus","ENshuName":"Pinsceae","dangerType":"易危","protectType":"四级","area":"大兴沟局","point":"金钱松又名金松、水树，被定为国家二级保护植物","place":"金钱松又名金松、水树，被定为国家二级保护植物","associated":"乐东拟单性木兰","price":"观赏价值","protect":"保护区","huoben":"","biaoben":""},
    {"ID":2021025,"CNzhongName":"天竺桂","CNkeName":"樟科","CNshuName":"樟属","ENzhongName":" Taxacease","ENkeName":"Lhrigunoe","ENshuName":"G.Penil","dangerType":"易危","protectType":"一级","area":"汪清局","point":"金钱松又名金松、水树，被定为国家二级保护植物","place":"金钱松又名金松、水树，被定为国家二级保护植物","associated":"天竺桂","price":"药用价值","protect":"保护区","huoben":"","biaoben":""},
    {"ID":2021026,"CNzhongName":"樟","CNkeName":"樟科","CNshuName":"樟属","ENzhongName":"Tecee","ENkeName":"Psewdolariz","ENshuName":"Tuhekiangensi","dangerType":"濒危","protectType":"二级","area":"汪清局","point":"金钱松又名金松、水树，被定为国家二级保护植物","place":"金钱松又名金松、水树，被定为国家二级保护植物","associated":"樟","price":"应用价值","protect":"保护区","huoben":"","biaoben":""},
    {"ID":2021027,"CNzhongName":"闽楠","CNkeName":"樟科","CNshuName":"黄连属","ENzhongName":"Zsinica","ENkeName":"C.thalicrodes","ENshuName":"Pkazmp/eri","dangerType":"近危","protectType":"三级","area":"大兴沟局","point":"金钱松又名金松、水树，被定为国家二级保护植物","place":"金钱松又名金松、水树，被定为国家二级保护植物","associated":"闽楠","price":"应用价值","protect":"保护区","huoben":"","biaoben":""},
    {"ID":2021028,"CNzhongName":"浙江楠","CNkeName":"樟科","CNshuName":"八角莲属","ENzhongName":"M.mkroetauha","ENkeName":"C.rerwuaThunb","ENshuName":"G.Penil","dangerType":"易危","protectType":"一级","area":"汪清局","point":"金钱松又名金松、水树，被定为国家二级保护植物","place":"金钱松又名金松、水树，被定为国家二级保护植物","associated":"浙江楠","price":"药用价值","protect":"保护区","huoben":"","biaoben":""},
    {"ID":2021029,"CNzhongName":"短萼黄连","CNkeName":"毛莨科","CNshuName":"黄连属","ENzhongName":" Metapequoia","ENkeName":"G.bloba","ENshuName":"M.gptoatroboides","dangerType":"近危","protectType":"二级","area":"天桥岭局","point":"金钱松又名金松、水树，被定为国家二级保护植物","place":"金钱松又名金松、水树，被定为国家二级保护植物","associated":"短萼黄连","price":"应用价值","protect":"保护区","huoben":"","biaoben":""},
    {"ID":2021030,"CNzhongName":"野核桃","CNkeName":"胡桃科","CNshuName":"胡桃属","ENzhongName":"Glsptontrbus","ENkeName":"G.bloba","ENshuName":"THlowiana","dangerType":"濒危","protectType":"三级","area":"珲春局","point":"金钱松又名金松、水树，被定为国家二级保护植物","place":"金钱松又名金松、水树，被定为国家二级保护植物","associated":"野核桃","price":"文化价值","protect":"保护区","huoben":"","biaoben":""},
    {"ID":2021031,"CNzhongName":"莲","CNkeName":"睡莲科","CNshuName":"莲属","ENzhongName":"Lhrigunoe","ENkeName":"Tuhekiangensi","ENshuName":"Zserata","dangerType":"濒危","protectType":"四级","area":"天桥岭局","point":"金钱松又名金松、水树，被定为国家二级保护植物","place":"金钱松又名金松、水树，被定为国家二级保护植物","associated":"莲","price":"生态价值","protect":"保护区","huoben":"","biaoben":""},
    {"ID":2021032,"CNzhongName":"紫茎","CNkeName":"山茶科","CNshuName":"紫茎属","ENzhongName":"Psewdolariz","ENkeName":"Pkazmp/eri","ENshuName":"Fdibors","dangerType":"近危","protectType":"四级","area":"大兴沟局","point":"金钱松又名金松、水树，被定为国家二级保护植物","place":"金钱松又名金松、水树，被定为国家二级保护植物","associated":"紫茎","price":"生态价值","protect":"保护区","huoben":"","biaoben":""},
    {"ID":2021033,"CNzhongName":"长柄双花木","CNkeName":"金缕梅科","CNshuName":"双花木属","ENzhongName":" Tug","ENkeName":"G.Penil","ENshuName":"M.mkroetauha","dangerType":"易危","protectType":"一级","area":"珲春局","point":"金钱松又名金松、水树，被定为国家二级保护植物","place":"金钱松又名金松、水树，被定为国家二级保护植物","associated":"长柄双花木","price":"生态价值","protect":"保护区","huoben":"","biaoben":""},
    {"ID":2021034,"CNzhongName":"野大豆","CNkeName":"豆科","CNshuName":"红豆杉属","ENzhongName":"Metapequoia","ENkeName":"M.gptoatroboides","ENshuName":" Metapequoia","dangerType":"易危","protectType":"二级","area":"大兴沟局","point":"金钱松又名金松、水树，被定为国家二级保护植物","place":"金钱松又名金松、水树，被定为国家二级保护植物","associated":"野大豆","price":"文化价值","protect":"保护区","huoben":"","biaoben":""},
    {"ID":2021035,"CNzhongName":"喜树","CNkeName":"蓝果树科","CNshuName":"喜树属","ENzhongName":" Taiconia","ENkeName":"THlowiana","ENshuName":"Glsptontrbus","dangerType":"濒危","protectType":"三级","area":"汪清局","point":"金钱松又名金松、水树，被定为国家二级保护植物","place":"金钱松又名金松、水树，被定为国家二级保护植物","associated":"喜树","price":"应用价值","protect":"保护区","huoben":"","biaoben":""},
    {"ID":2021036,"CNzhongName":"明党参","CNkeName":"伞形科","CNshuName":"明党参属","ENzhongName":"Pchekiggrnsi","ENkeName":"Zserata","ENshuName":"Lhrigunoe","dangerType":"易危","protectType":"一级","area":"汪清局","point":"金钱松又名金松、水树，被定为国家二级保护植物","place":"金钱松又名金松、水树，被定为国家二级保护植物","associated":"明党参","price":"生态价值","protect":"保护区","huoben":"","biaoben":""},
    {"ID":2021037,"CNzhongName":"香果树","CNkeName":"茜草科","CNshuName":"香果树属","ENzhongName":"Pinsceae","ENkeName":"Fdibors","ENshuName":"Glsptontrbus","dangerType":"濒危","protectType":"二级","area":"大兴沟局","point":"金钱松又名金松、水树，被定为国家二级保护植物","place":"金钱松又名金松、水树，被定为国家二级保护植物","associated":"香果树","price":"应用价值","protect":"保护区","huoben":"","biaoben":""},
    {"ID":2021038,"CNzhongName":"银钟花","CNkeName":"安息香科","CNshuName":"银仲花属","ENzhongName":"G.Penil","ENkeName":"Pchekiggrnsi","ENshuName":"Lhrigunoe","dangerType":"近危","protectType":"三级","area":"汪清局","point":"金钱松又名金松、水树，被定为国家二级保护植物","place":"金钱松又名金松、水树，被定为国家二级保护植物","associated":"银钟花","price":"生态价值","protect":"保护区","huoben":"","biaoben":""}
    
    ]